gender,lunch,parental level of education,race/ethnicity,math score,reading score,writing score,math rti group,reading rti group,writing rti group
female,standard,bachelor's degree,group B,72,72,74,more practice,more practice,more practice
female,standard,some college,group C,69,90,88,more practice,enrich,enrich
female,standard,master's degree,group B,90,95,93,enrich,enrich,enrich
male,free/reduced,associate's degree,group A,47,57,44,tier 2 more support,tier 2 more support,tier 2 more support
male,standard,some college,group C,76,78,75,enrich,enrich,enrich
female,standard,associate's degree,group B,71,83,78,more practice,enrich,enrich
female,standard,some college,group B,88,95,92,enrich,enrich,enrich
male,free/reduced,some college,group B,40,43,39,tier 3 intensive,tier 3 intensive,tier 3 intensive
male,free/reduced,high school,group D,64,64,67,more practice,more practice,more practice
female,free/reduced,high school,group B,38,60,50,tier 3 intensive,more practice,tier 2 more support
male,standard,associate's degree,group C,58,54,52,more practice,tier 2 more support,tier 2 more support
male,standard,associate's degree,group D,40,52,43,tier 3 intensive,tier 2 more support,tier 2 more support
female,standard,high school,group B,65,81,73,more practice,enrich,more practice
male,standard,some college,group A,78,72,70,enrich,more practice,more practice
female,standard,master's degree,group A,50,53,58,tier 2 more support,tier 2 more support,more practice
female,standard,some high school,group C,69,75,78,more practice,enrich,enrich
male,standard,high school,group C,88,89,86,enrich,enrich,enrich
female,free/reduced,some high school,group B,18,32,28,tier 3 intensive,tier 3 intensive,tier 3 intensive
male,free/reduced,master's degree,group C,46,42,46,tier 2 more support,tier 3 intensive,tier 2 more support
female,free/reduced,associate's degree,group C,54,58,61,more practice,more practice,more practice
male,standard,high school,group D,66,69,63,more practice,more practice,more practice
female,free/reduced,some college,group B,65,75,70,more practice,enrich,more practice
male,standard,some college,group D,44,54,53,tier 2 more support,tier 2 more support,tier 2 more support
female,standard,some high school,group C,69,73,73,more practice,more practice,more practice
male,free/reduced,bachelor's degree,group D,74,71,80,more practice,more practice,enrich
male,free/reduced,master's degree,group A,73,74,72,more practice,more practice,more practice
male,standard,some college,group B,69,54,55,more practice,tier 2 more support,more practice
female,standard,bachelor's degree,group C,67,69,75,more practice,more practice,enrich
male,standard,high school,group C,70,70,65,more practice,more practice,more practice
female,standard,master's degree,group D,62,70,75,more practice,more practice,enrich
female,standard,some college,group D,69,74,74,more practice,more practice,more practice
female,standard,some college,group B,63,65,61,more practice,more practice,more practice
female,free/reduced,master's degree,group E,56,72,65,more practice,more practice,more practice
male,standard,some college,group D,40,42,38,tier 3 intensive,tier 3 intensive,tier 3 intensive
male,standard,some college,group E,97,87,82,enrich,enrich,enrich
male,standard,associate's degree,group E,81,81,79,enrich,enrich,enrich
female,standard,associate's degree,group D,74,81,83,more practice,enrich,enrich
female,free/reduced,some high school,group D,50,64,59,tier 2 more support,more practice,more practice
female,free/reduced,associate's degree,group D,75,90,88,enrich,enrich,enrich
male,free/reduced,associate's degree,group B,57,56,57,more practice,tier 2 more support,more practice
male,free/reduced,associate's degree,group C,55,61,54,more practice,more practice,tier 2 more support
female,standard,associate's degree,group C,58,73,68,more practice,more practice,more practice
female,standard,associate's degree,group B,53,58,65,more practice,more practice,more practice
male,free/reduced,some college,group B,59,65,66,more practice,more practice,more practice
female,free/reduced,associate's degree,group E,50,56,54,tier 2 more support,tier 2 more support,tier 2 more support
male,standard,associate's degree,group B,65,54,57,more practice,tier 2 more support,more practice
female,standard,associate's degree,group A,55,65,62,more practice,more practice,more practice
female,standard,high school,group C,66,71,76,more practice,more practice,enrich
female,free/reduced,associate's degree,group D,57,74,76,more practice,more practice,enrich
male,standard,high school,group C,82,84,82,enrich,enrich,enrich
male,standard,some college,group E,53,55,48,tier 2 more support,tier 2 more support,tier 2 more support
male,free/reduced,associate's degree,group E,77,69,68,enrich,more practice,more practice
male,standard,some college,group C,53,44,42,tier 2 more support,tier 2 more support,tier 3 intensive
male,standard,high school,group D,88,78,75,enrich,enrich,enrich
female,free/reduced,some high school,group C,71,84,87,more practice,enrich,enrich
female,free/reduced,high school,group C,33,41,43,tier 3 intensive,tier 3 intensive,tier 2 more support
female,standard,associate's degree,group E,82,85,86,enrich,enrich,enrich
male,standard,associate's degree,group D,52,55,49,tier 2 more support,tier 2 more support,tier 2 more support
male,standard,some college,group D,58,59,58,more practice,more practice,more practice
female,free/reduced,some high school,group C,0,17,10,tier 3 intensive,tier 3 intensive,tier 3 intensive
male,free/reduced,bachelor's degree,group E,79,74,72,enrich,more practice,more practice
male,free/reduced,some high school,group A,39,39,34,tier 3 intensive,tier 3 intensive,tier 3 intensive
male,free/reduced,associate's degree,group A,62,61,55,more practice,more practice,more practice
female,standard,associate's degree,group C,69,80,71,more practice,enrich,more practice
female,standard,some high school,group D,59,58,59,more practice,more practice,more practice
male,standard,some high school,group B,67,64,61,more practice,more practice,more practice
male,free/reduced,some high school,group D,45,37,37,tier 2 more support,tier 3 intensive,tier 3 intensive
female,standard,some college,group C,60,72,74,more practice,more practice,more practice
male,free/reduced,associate's degree,group B,61,58,56,more practice,more practice,more practice
female,standard,associate's degree,group C,39,64,57,tier 3 intensive,more practice,more practice
female,free/reduced,some college,group D,58,63,73,more practice,more practice,more practice
male,standard,some college,group D,63,55,63,more practice,tier 2 more support,more practice
female,free/reduced,associate's degree,group A,41,51,48,tier 2 more support,tier 2 more support,tier 2 more support
male,free/reduced,some high school,group C,61,57,56,more practice,tier 2 more support,more practice
male,standard,some high school,group C,49,49,41,tier 2 more support,tier 2 more support,tier 3 intensive
male,free/reduced,associate's degree,group B,44,41,38,tier 2 more support,tier 3 intensive,tier 3 intensive
male,standard,some high school,group E,30,26,22,tier 3 intensive,tier 3 intensive,tier 3 intensive
male,standard,bachelor's degree,group A,80,78,81,enrich,enrich,enrich
female,standard,some high school,group D,61,74,72,more practice,more practice,more practice
female,standard,master's degree,group E,62,68,68,more practice,more practice,more practice
female,standard,associate's degree,group B,47,49,50,tier 2 more support,tier 2 more support,tier 2 more support
male,free/reduced,high school,group B,49,45,45,tier 2 more support,tier 2 more support,tier 2 more support
male,free/reduced,some college,group A,50,47,54,tier 2 more support,tier 2 more support,tier 2 more support
male,standard,associate's degree,group E,72,64,63,more practice,more practice,more practice
male,free/reduced,high school,group D,42,39,34,tier 2 more support,tier 3 intensive,tier 3 intensive
female,standard,some college,group C,73,80,82,more practice,enrich,enrich
female,free/reduced,some college,group C,76,83,88,enrich,enrich,enrich
female,standard,associate's degree,group D,71,71,74,more practice,more practice,more practice
female,standard,some college,group A,58,70,67,more practice,more practice,more practice
female,standard,some high school,group D,73,86,82,more practice,enrich,enrich
female,standard,bachelor's degree,group C,65,72,74,more practice,more practice,more practice
male,free/reduced,high school,group C,27,34,36,tier 3 intensive,tier 3 intensive,tier 3 intensive
male,standard,high school,group C,71,79,71,more practice,enrich,more practice
male,free/reduced,associate's degree,group C,43,45,50,tier 2 more support,tier 2 more support,tier 2 more support
female,standard,some college,group B,79,86,92,enrich,enrich,enrich
male,free/reduced,associate's degree,group C,78,81,82,enrich,enrich,enrich
male,standard,some high school,group B,65,66,62,more practice,more practice,more practice
female,standard,some college,group E,63,72,70,more practice,more practice,more practice
female,free/reduced,some college,group D,58,67,62,more practice,more practice,more practice
female,standard,bachelor's degree,group D,65,67,62,more practice,more practice,more practice
male,standard,some college,group B,79,67,67,enrich,more practice,more practice
male,standard,bachelor's degree,group D,68,74,74,more practice,more practice,more practice
female,standard,associate's degree,group D,85,91,89,enrich,enrich,enrich
male,standard,high school,group B,60,44,47,more practice,tier 2 more support,tier 2 more support
male,standard,some college,group C,98,86,90,enrich,enrich,enrich
female,standard,some college,group C,58,67,72,more practice,more practice,more practice
female,standard,master's degree,group D,87,100,100,enrich,enrich,enrich
male,standard,associate's degree,group E,66,63,64,more practice,more practice,more practice
female,free/reduced,associate's degree,group B,52,76,70,tier 2 more support,enrich,more practice
female,standard,some high school,group B,70,64,72,more practice,more practice,more practice
female,free/reduced,associate's degree,group D,77,89,98,enrich,enrich,enrich
male,standard,high school,group C,62,55,49,more practice,tier 2 more support,tier 2 more support
male,standard,associate's degree,group A,54,53,47,more practice,tier 2 more support,tier 2 more support
female,standard,some college,group D,51,58,54,tier 2 more support,more practice,tier 2 more support
female,standard,bachelor's degree,group E,99,100,100,enrich,enrich,enrich
male,standard,high school,group C,84,77,74,enrich,enrich,more practice
female,free/reduced,bachelor's degree,group B,75,85,82,enrich,enrich,enrich
female,standard,bachelor's degree,group D,78,82,79,enrich,enrich,enrich
female,standard,some high school,group D,51,63,61,tier 2 more support,more practice,more practice
female,standard,some college,group C,55,69,65,more practice,more practice,more practice
female,standard,bachelor's degree,group C,79,92,89,enrich,enrich,enrich
male,standard,associate's degree,group B,91,89,92,enrich,enrich,enrich
female,standard,some college,group C,88,93,93,enrich,enrich,enrich
male,free/reduced,high school,group D,63,57,56,more practice,more practice,more practice
male,standard,some college,group E,83,80,73,enrich,enrich,more practice
female,standard,high school,group B,87,95,86,enrich,enrich,enrich
male,standard,some high school,group B,72,68,67,more practice,more practice,more practice
male,standard,some college,group D,65,77,74,more practice,enrich,more practice
male,standard,master's degree,group D,82,82,74,enrich,enrich,more practice
female,standard,bachelor's degree,group A,51,49,51,tier 2 more support,tier 2 more support,tier 2 more support
male,standard,master's degree,group D,89,84,82,enrich,enrich,enrich
male,free/reduced,some high school,group C,53,37,40,tier 2 more support,tier 3 intensive,tier 3 intensive
male,free/reduced,some college,group E,87,74,70,enrich,more practice,more practice
female,standard,some college,group C,75,81,84,enrich,enrich,enrich
male,free/reduced,bachelor's degree,group D,74,79,75,more practice,enrich,enrich
male,standard,bachelor's degree,group C,58,55,48,more practice,tier 2 more support,tier 2 more support
male,standard,some high school,group B,51,54,41,tier 2 more support,tier 2 more support,tier 3 intensive
male,standard,high school,group E,70,55,56,more practice,tier 2 more support,more practice
female,standard,associate's degree,group C,59,66,67,more practice,more practice,more practice
male,standard,some college,group D,71,61,69,more practice,more practice,more practice
female,standard,some high school,group D,76,72,71,enrich,more practice,more practice
female,free/reduced,some college,group C,59,62,64,more practice,more practice,more practice
female,free/reduced,some college,group E,42,55,54,tier 2 more support,tier 2 more support,tier 2 more support
male,standard,high school,group A,57,43,47,more practice,tier 3 intensive,tier 2 more support
male,standard,some college,group D,88,73,78,enrich,more practice,enrich
female,free/reduced,some college,group C,22,39,33,tier 3 intensive,tier 3 intensive,tier 3 intensive
male,standard,some high school,group B,88,84,75,enrich,enrich,enrich
male,free/reduced,associate's degree,group C,73,68,66,more practice,more practice,more practice
female,standard,bachelor's degree,group D,68,75,81,more practice,enrich,enrich
male,free/reduced,associate's degree,group E,100,100,93,enrich,enrich,enrich
male,standard,some high school,group A,62,67,69,more practice,more practice,more practice
male,standard,bachelor's degree,group A,77,67,68,enrich,more practice,more practice
female,standard,associate's degree,group B,59,70,66,more practice,more practice,more practice
male,standard,bachelor's degree,group D,54,49,47,more practice,tier 2 more support,tier 2 more support
male,standard,some high school,group D,62,67,61,more practice,more practice,more practice
female,standard,some college,group C,70,89,88,more practice,enrich,enrich
female,free/reduced,high school,group E,66,74,78,more practice,more practice,enrich
male,free/reduced,some college,group B,60,60,60,more practice,more practice,more practice
female,standard,associate's degree,group B,61,86,87,more practice,enrich,enrich
male,free/reduced,associate's degree,group D,66,62,64,more practice,more practice,more practice
male,free/reduced,associate's degree,group B,82,78,74,enrich,enrich,more practice
female,free/reduced,some college,group E,75,88,85,enrich,enrich,enrich
male,free/reduced,master's degree,group B,49,53,52,tier 2 more support,tier 2 more support,tier 2 more support
male,standard,high school,group C,52,53,49,tier 2 more support,tier 2 more support,tier 2 more support
female,standard,master's degree,group E,81,92,91,enrich,enrich,enrich
female,standard,bachelor's degree,group C,96,100,100,enrich,enrich,enrich
male,free/reduced,high school,group C,53,51,51,tier 2 more support,tier 2 more support,tier 2 more support
female,free/reduced,master's degree,group B,58,76,78,more practice,enrich,enrich
female,standard,high school,group B,68,83,78,more practice,enrich,enrich
female,free/reduced,some college,group C,67,75,70,more practice,enrich,more practice
male,standard,high school,group A,72,73,74,more practice,more practice,more practice
male,standard,some high school,group E,94,88,78,enrich,enrich,enrich
female,standard,some college,group D,79,86,81,enrich,enrich,enrich
female,standard,associate's degree,group C,63,67,70,more practice,more practice,more practice
female,free/reduced,bachelor's degree,group C,43,51,54,tier 2 more support,tier 2 more support,tier 2 more support
female,standard,master's degree,group C,81,91,87,enrich,enrich,enrich
female,free/reduced,high school,group B,46,54,58,tier 2 more support,tier 2 more support,more practice
female,standard,associate's degree,group C,71,77,77,more practice,enrich,enrich
female,free/reduced,master's degree,group B,52,70,62,tier 2 more support,more practice,more practice
female,standard,some high school,group D,97,100,100,enrich,enrich,enrich
male,free/reduced,master's degree,group C,62,68,75,more practice,more practice,enrich
female,free/reduced,some college,group C,46,64,66,tier 2 more support,more practice,more practice
female,standard,high school,group E,50,50,47,tier 2 more support,tier 2 more support,tier 2 more support
female,standard,associate's degree,group D,65,69,70,more practice,more practice,more practice
male,free/reduced,some high school,group C,45,52,49,tier 2 more support,tier 2 more support,tier 2 more support
male,free/reduced,associate's degree,group C,65,67,65,more practice,more practice,more practice
male,standard,high school,group E,80,76,65,enrich,enrich,more practice
male,standard,some high school,group D,62,66,68,more practice,more practice,more practice
male,free/reduced,some high school,group B,48,52,45,tier 2 more support,tier 2 more support,tier 2 more support
female,standard,bachelor's degree,group C,77,88,87,enrich,enrich,enrich
female,standard,associate's degree,group E,66,65,69,more practice,more practice,more practice
male,standard,some college,group D,76,83,79,enrich,enrich,enrich
female,standard,some high school,group B,62,64,66,more practice,more practice,more practice
male,standard,some college,group D,77,62,62,enrich,more practice,more practice
female,standard,master's degree,group C,69,84,85,more practice,enrich,enrich
male,standard,associate's degree,group D,61,55,52,more practice,tier 2 more support,tier 2 more support
male,free/reduced,some high school,group C,59,69,65,more practice,more practice,more practice
male,free/reduced,high school,group E,55,56,51,more practice,tier 2 more support,tier 2 more support
female,free/reduced,some college,group B,45,53,55,tier 2 more support,tier 2 more support,more practice
female,free/reduced,bachelor's degree,group B,78,79,76,enrich,enrich,enrich
female,standard,associate's degree,group C,67,84,86,more practice,enrich,enrich
female,free/reduced,some college,group D,65,81,77,more practice,enrich,enrich
male,standard,associate's degree,group C,69,77,69,more practice,enrich,more practice
female,standard,associate's degree,group B,57,69,68,more practice,more practice,more practice
male,standard,some college,group C,59,41,42,more practice,tier 3 intensive,tier 3 intensive
male,standard,some high school,group D,74,71,78,more practice,more practice,enrich
male,standard,bachelor's degree,group E,82,62,62,enrich,more practice,more practice
male,standard,high school,group E,81,80,76,enrich,enrich,enrich
female,free/reduced,some college,group B,74,81,76,more practice,enrich,enrich
female,free/reduced,some college,group B,58,61,66,more practice,more practice,more practice
male,free/reduced,some high school,group D,80,79,79,enrich,enrich,enrich
male,free/reduced,some college,group C,35,28,27,tier 3 intensive,tier 3 intensive,tier 3 intensive
female,free/reduced,high school,group C,42,62,60,tier 2 more support,more practice,more practice
male,free/reduced,associate's degree,group C,60,51,56,more practice,tier 2 more support,more practice
male,standard,high school,group E,87,91,81,enrich,enrich,enrich
male,standard,some high school,group B,84,83,75,enrich,enrich,enrich
female,free/reduced,associate's degree,group E,83,86,88,enrich,enrich,enrich
female,free/reduced,high school,group C,34,42,39,tier 3 intensive,tier 3 intensive,tier 3 intensive
male,free/reduced,high school,group B,66,77,70,more practice,enrich,more practice
male,standard,some high school,group B,61,56,56,more practice,tier 2 more support,more practice
female,standard,high school,group D,56,68,74,more practice,more practice,more practice
male,standard,associate's degree,group B,87,85,73,enrich,enrich,more practice
female,free/reduced,some high school,group C,55,65,62,more practice,more practice,more practice
male,standard,some high school,group D,86,80,75,enrich,enrich,enrich
female,standard,associate's degree,group B,52,66,73,tier 2 more support,more practice,more practice
female,free/reduced,master's degree,group E,45,56,54,tier 2 more support,tier 2 more support,tier 2 more support
female,standard,some college,group C,72,72,71,more practice,more practice,more practice
male,standard,high school,group D,57,50,54,more practice,tier 2 more support,tier 2 more support
male,free/reduced,some high school,group A,68,72,64,more practice,more practice,more practice
female,standard,some college,group C,88,95,94,enrich,enrich,enrich
male,standard,some college,group D,76,64,66,enrich,more practice,more practice
male,standard,associate's degree,group C,46,43,42,tier 2 more support,tier 3 intensive,tier 3 intensive
female,standard,bachelor's degree,group B,67,86,83,more practice,enrich,enrich
male,standard,some high school,group E,92,87,78,enrich,enrich,enrich
male,standard,bachelor's degree,group C,83,82,84,enrich,enrich,enrich
male,standard,associate's degree,group D,80,75,77,enrich,enrich,enrich
male,free/reduced,bachelor's degree,group D,63,66,67,more practice,more practice,more practice
female,standard,some high school,group D,64,60,74,more practice,more practice,more practice
male,standard,some college,group B,54,52,51,more practice,tier 2 more support,tier 2 more support
male,standard,associate's degree,group C,84,80,80,enrich,enrich,enrich
male,free/reduced,high school,group D,73,68,66,more practice,more practice,more practice
female,standard,bachelor's degree,group E,80,83,83,enrich,enrich,enrich
female,standard,high school,group D,56,52,55,more practice,tier 2 more support,more practice
male,standard,some college,group E,59,51,43,more practice,tier 2 more support,tier 2 more support
male,standard,some high school,group D,75,74,69,enrich,more practice,more practice
male,standard,associate's degree,group C,85,76,71,enrich,enrich,more practice
male,standard,associate's degree,group E,89,76,74,enrich,enrich,more practice
female,standard,high school,group B,58,70,68,more practice,more practice,more practice
female,standard,high school,group B,65,64,62,more practice,more practice,more practice
male,standard,high school,group C,68,60,53,more practice,more practice,tier 2 more support
male,standard,some high school,group A,47,49,49,tier 2 more support,tier 2 more support,tier 2 more support
female,free/reduced,some college,group D,71,83,83,more practice,enrich,enrich
female,standard,some high school,group B,60,70,70,more practice,more practice,more practice
male,standard,master's degree,group D,80,80,72,enrich,enrich,more practice
male,standard,high school,group D,54,52,52,more practice,tier 2 more support,tier 2 more support
female,standard,some college,group E,62,73,70,more practice,more practice,more practice
female,free/reduced,associate's degree,group C,64,73,68,more practice,more practice,more practice
male,standard,associate's degree,group C,78,77,77,enrich,enrich,enrich
female,standard,some college,group B,70,75,78,more practice,enrich,enrich
female,free/reduced,master's degree,group C,65,81,81,more practice,enrich,enrich
female,free/reduced,some high school,group C,64,79,77,more practice,enrich,enrich
male,standard,some college,group C,79,79,78,enrich,enrich,enrich
female,free/reduced,some high school,group C,44,50,51,tier 2 more support,tier 2 more support,tier 2 more support
female,standard,high school,group E,99,93,90,enrich,enrich,enrich
male,standard,high school,group D,76,73,68,enrich,more practice,more practice
male,free/reduced,some high school,group D,59,42,41,more practice,tier 3 intensive,tier 3 intensive
female,standard,bachelor's degree,group C,63,75,81,more practice,enrich,enrich
female,standard,high school,group D,69,72,77,more practice,more practice,enrich
female,standard,associate's degree,group D,88,92,95,enrich,enrich,enrich
female,free/reduced,some college,group E,71,76,70,more practice,enrich,more practice
male,standard,bachelor's degree,group C,69,63,61,more practice,more practice,more practice
male,standard,some college,group C,58,49,42,more practice,tier 2 more support,tier 3 intensive
female,free/reduced,associate's degree,group D,47,53,58,tier 2 more support,tier 2 more support,more practice
female,standard,some college,group D,65,70,71,more practice,more practice,more practice
male,standard,some college,group B,88,85,76,enrich,enrich,enrich
male,standard,bachelor's degree,group C,83,78,73,enrich,enrich,more practice
female,standard,some high school,group C,85,92,93,enrich,enrich,enrich
female,standard,high school,group E,59,63,75,more practice,more practice,enrich
female,free/reduced,some high school,group C,65,86,80,more practice,enrich,enrich
male,free/reduced,bachelor's degree,group B,73,56,57,more practice,tier 2 more support,more practice
male,standard,high school,group D,53,52,42,tier 2 more support,tier 2 more support,tier 3 intensive
male,standard,high school,group D,45,48,46,tier 2 more support,tier 2 more support,tier 2 more support
female,free/reduced,bachelor's degree,group D,73,79,84,more practice,enrich,enrich
female,free/reduced,some college,group D,70,78,78,more practice,enrich,enrich
female,standard,some high school,group B,37,46,46,tier 3 intensive,tier 2 more support,tier 2 more support
male,standard,associate's degree,group B,81,82,82,enrich,enrich,enrich
male,standard,associate's degree,group E,97,82,88,enrich,enrich,enrich
female,standard,some high school,group B,67,89,82,more practice,enrich,enrich
male,free/reduced,bachelor's degree,group B,88,75,76,enrich,enrich,enrich
male,standard,some high school,group E,77,76,77,enrich,enrich,enrich
male,standard,associate's degree,group C,76,70,68,enrich,more practice,more practice
male,standard,some high school,group D,86,73,70,enrich,more practice,more practice
male,standard,some high school,group C,63,60,57,more practice,more practice,more practice
female,standard,bachelor's degree,group E,65,73,75,more practice,more practice,enrich
male,free/reduced,high school,group D,78,77,80,enrich,enrich,enrich
male,free/reduced,associate's degree,group B,67,62,60,more practice,more practice,more practice
male,standard,some high school,group A,46,41,43,tier 2 more support,tier 3 intensive,tier 2 more support
male,standard,associate's degree,group E,71,74,68,more practice,more practice,more practice
male,free/reduced,high school,group C,40,46,50,tier 3 intensive,tier 2 more support,tier 2 more support
male,free/reduced,associate's degree,group D,90,87,75,enrich,enrich,enrich
male,free/reduced,some college,group A,81,78,81,enrich,enrich,enrich
male,free/reduced,some high school,group D,56,54,52,more practice,tier 2 more support,tier 2 more support
female,standard,associate's degree,group C,67,84,81,more practice,enrich,enrich
male,standard,associate's degree,group B,80,76,64,enrich,enrich,more practice
female,standard,associate's degree,group C,74,75,83,more practice,enrich,enrich
male,standard,some college,group A,69,67,69,more practice,more practice,more practice
male,standard,some college,group E,99,87,81,enrich,enrich,enrich
male,standard,some high school,group C,51,52,44,tier 2 more support,tier 2 more support,tier 2 more support
female,free/reduced,associate's degree,group B,53,71,67,tier 2 more support,more practice,more practice
female,free/reduced,high school,group D,49,57,52,tier 2 more support,tier 2 more support,tier 2 more support
female,standard,associate's degree,group B,73,76,80,more practice,enrich,enrich
male,standard,bachelor's degree,group B,66,60,57,more practice,more practice,more practice
male,standard,bachelor's degree,group D,67,61,68,more practice,more practice,more practice
female,free/reduced,associate's degree,group C,68,67,69,more practice,more practice,more practice
female,standard,bachelor's degree,group C,59,64,75,more practice,more practice,enrich
male,standard,high school,group C,71,66,65,more practice,more practice,more practice
female,standard,master's degree,group D,77,82,91,enrich,enrich,enrich
male,standard,associate's degree,group C,83,72,78,enrich,more practice,enrich
male,standard,bachelor's degree,group B,63,71,69,more practice,more practice,more practice
female,free/reduced,associate's degree,group D,56,65,63,more practice,more practice,more practice
female,free/reduced,high school,group C,67,79,84,more practice,enrich,enrich
female,standard,high school,group E,75,86,79,enrich,enrich,enrich
female,standard,some college,group C,71,81,80,more practice,enrich,enrich
female,free/reduced,some high school,group C,43,53,53,tier 2 more support,tier 2 more support,tier 2 more support
female,free/reduced,high school,group C,41,46,43,tier 2 more support,tier 2 more support,tier 2 more support
female,standard,some college,group C,82,90,94,enrich,enrich,enrich
male,standard,some college,group C,61,61,62,more practice,more practice,more practice
male,free/reduced,some college,group A,28,23,19,tier 3 intensive,tier 3 intensive,tier 3 intensive
male,standard,associate's degree,group C,82,75,77,enrich,enrich,enrich
female,standard,some high school,group B,41,55,51,tier 2 more support,tier 2 more support,tier 2 more support
male,standard,high school,group C,71,60,61,more practice,more practice,more practice
male,standard,associate's degree,group C,47,37,35,tier 2 more support,tier 3 intensive,tier 3 intensive
male,standard,associate's degree,group E,62,56,53,more practice,tier 2 more support,tier 2 more support
male,standard,associate's degree,group B,90,78,81,enrich,enrich,enrich
female,standard,bachelor's degree,group C,83,93,95,enrich,enrich,enrich
female,free/reduced,some college,group B,61,68,66,more practice,more practice,more practice
male,standard,some high school,group D,76,70,69,enrich,more practice,more practice
male,standard,associate's degree,group C,49,51,43,tier 2 more support,tier 2 more support,tier 2 more support
female,free/reduced,some high school,group B,24,38,27,tier 3 intensive,tier 3 intensive,tier 3 intensive
female,free/reduced,some high school,group D,35,55,60,tier 3 intensive,tier 2 more support,more practice
male,free/reduced,high school,group C,58,61,52,more practice,more practice,tier 2 more support
female,standard,high school,group C,61,73,63,more practice,more practice,more practice
female,standard,high school,group B,69,76,74,more practice,enrich,more practice
male,standard,associate's degree,group D,67,72,67,more practice,more practice,more practice
male,standard,some college,group D,79,73,67,enrich,more practice,more practice
female,standard,high school,group C,72,80,75,more practice,enrich,enrich
male,standard,some college,group B,62,61,57,more practice,more practice,more practice
female,standard,bachelor's degree,group C,77,94,95,enrich,enrich,enrich
male,free/reduced,high school,group D,75,74,66,enrich,more practice,more practice
male,standard,associate's degree,group E,87,74,76,enrich,more practice,enrich
female,standard,bachelor's degree,group B,52,65,69,tier 2 more support,more practice,more practice
male,standard,some college,group E,66,57,52,more practice,more practice,tier 2 more support
female,standard,some college,group C,63,78,80,more practice,enrich,enrich
female,standard,associate's degree,group C,46,58,57,tier 2 more support,more practice,more practice
female,standard,some college,group C,59,71,70,more practice,more practice,more practice
female,standard,bachelor's degree,group B,61,72,70,more practice,more practice,more practice
male,standard,associate's degree,group A,63,61,61,more practice,more practice,more practice
female,free/reduced,some college,group C,42,66,69,tier 2 more support,more practice,more practice
male,free/reduced,some college,group D,59,62,61,more practice,more practice,more practice
female,standard,some college,group D,80,90,89,enrich,enrich,enrich
female,standard,high school,group B,58,62,59,more practice,more practice,more practice
male,standard,some high school,group B,85,84,78,enrich,enrich,enrich
female,standard,some college,group C,52,58,58,tier 2 more support,more practice,more practice
female,free/reduced,some high school,group D,27,34,32,tier 3 intensive,tier 3 intensive,tier 3 intensive
male,standard,some college,group C,59,60,58,more practice,more practice,more practice
male,free/reduced,bachelor's degree,group A,49,58,60,tier 2 more support,more practice,more practice
male,standard,high school,group C,69,58,53,more practice,more practice,tier 2 more support
male,free/reduced,bachelor's degree,group C,61,66,61,more practice,more practice,more practice
female,free/reduced,some high school,group A,44,64,58,tier 2 more support,more practice,more practice
female,standard,some high school,group D,73,84,85,more practice,enrich,enrich
male,standard,some college,group E,84,77,71,enrich,enrich,more practice
female,free/reduced,some college,group C,45,73,70,tier 2 more support,more practice,more practice
male,standard,some high school,group D,74,74,72,more practice,more practice,more practice
female,standard,some college,group D,82,97,96,enrich,enrich,enrich
female,standard,bachelor's degree,group D,59,70,73,more practice,more practice,more practice
male,free/reduced,associate's degree,group E,46,43,41,tier 2 more support,tier 3 intensive,tier 3 intensive
female,standard,some high school,group D,80,90,82,enrich,enrich,enrich
female,free/reduced,master's degree,group D,85,95,100,enrich,enrich,enrich
female,standard,some high school,group A,71,83,77,more practice,enrich,enrich
male,standard,bachelor's degree,group A,66,64,62,more practice,more practice,more practice
female,standard,associate's degree,group B,80,86,83,enrich,enrich,enrich
male,standard,associate's degree,group C,87,100,95,enrich,enrich,enrich
male,free/reduced,master's degree,group C,79,81,71,enrich,enrich,more practice
female,free/reduced,some high school,group E,38,49,45,tier 3 intensive,tier 2 more support,tier 2 more support
female,free/reduced,some high school,group A,38,43,43,tier 3 intensive,tier 3 intensive,tier 2 more support
female,standard,some college,group E,67,76,75,more practice,enrich,enrich
female,standard,bachelor's degree,group E,64,73,70,more practice,more practice,more practice
female,free/reduced,associate's degree,group C,57,78,67,more practice,enrich,more practice
female,standard,high school,group D,62,64,64,more practice,more practice,more practice
male,standard,master's degree,group D,73,70,75,more practice,more practice,enrich
male,free/reduced,some high school,group E,73,67,59,more practice,more practice,more practice
female,standard,some college,group D,77,68,77,enrich,more practice,enrich
male,standard,some college,group E,76,67,67,enrich,more practice,more practice
male,standard,associate's degree,group C,57,54,56,more practice,tier 2 more support,more practice
female,standard,some high school,group C,65,74,77,more practice,more practice,enrich
male,free/reduced,high school,group A,48,45,41,tier 2 more support,tier 2 more support,tier 3 intensive
female,free/reduced,high school,group B,50,67,63,tier 2 more support,more practice,more practice
female,standard,associate's degree,group C,85,89,95,enrich,enrich,enrich
male,standard,some high school,group B,74,63,57,more practice,more practice,more practice
male,standard,some high school,group D,60,59,54,more practice,more practice,tier 2 more support
female,standard,some high school,group C,59,54,67,more practice,tier 2 more support,more practice
male,standard,some college,group A,53,43,43,tier 2 more support,tier 3 intensive,tier 2 more support
female,free/reduced,some college,group A,49,65,55,tier 2 more support,more practice,more practice
female,standard,high school,group D,88,99,100,enrich,enrich,enrich
female,standard,high school,group C,54,59,62,more practice,more practice,more practice
female,standard,some high school,group C,63,73,68,more practice,more practice,more practice
male,standard,associate's degree,group B,65,65,63,more practice,more practice,more practice
female,standard,associate's degree,group B,82,80,77,enrich,enrich,enrich
female,free/reduced,high school,group D,52,57,56,tier 2 more support,tier 2 more support,more practice
male,standard,associate's degree,group D,87,84,85,enrich,enrich,enrich
female,standard,master's degree,group D,70,71,74,more practice,more practice,more practice
male,standard,some college,group E,84,83,78,enrich,enrich,enrich
male,standard,associate's degree,group D,71,66,60,more practice,more practice,more practice
male,standard,some high school,group B,63,67,67,more practice,more practice,more practice
female,free/reduced,bachelor's degree,group C,51,72,79,tier 2 more support,more practice,enrich
male,standard,high school,group E,84,73,69,enrich,more practice,more practice
male,standard,bachelor's degree,group C,71,74,68,more practice,more practice,more practice
male,standard,associate's degree,group C,74,73,67,more practice,more practice,more practice
male,standard,some college,group D,68,59,62,more practice,more practice,more practice
male,free/reduced,high school,group E,57,56,54,more practice,tier 2 more support,tier 2 more support
female,free/reduced,associate's degree,group C,82,93,93,enrich,enrich,enrich
female,standard,high school,group D,57,58,64,more practice,more practice,more practice
female,free/reduced,master's degree,group D,47,58,67,tier 2 more support,more practice,more practice
female,standard,some high school,group A,59,85,80,more practice,enrich,enrich
male,free/reduced,some college,group B,41,39,34,tier 2 more support,tier 3 intensive,tier 3 intensive
female,free/reduced,some college,group C,62,67,62,more practice,more practice,more practice
male,standard,bachelor's degree,group C,86,83,86,enrich,enrich,enrich
male,free/reduced,some high school,group C,69,71,65,more practice,more practice,more practice
male,free/reduced,some high school,group A,65,59,53,more practice,more practice,tier 2 more support
male,free/reduced,some high school,group C,68,63,54,more practice,more practice,tier 2 more support
male,free/reduced,associate's degree,group C,64,66,59,more practice,more practice,more practice
female,standard,high school,group C,61,72,70,more practice,more practice,more practice
male,standard,high school,group C,61,56,55,more practice,tier 2 more support,more practice
female,free/reduced,some high school,group A,47,59,50,tier 2 more support,more practice,tier 2 more support
male,standard,some high school,group C,73,66,66,more practice,more practice,more practice
male,free/reduced,some college,group C,50,48,53,tier 2 more support,tier 2 more support,tier 2 more support
male,standard,associate's degree,group D,75,68,64,enrich,more practice,more practice
male,free/reduced,associate's degree,group D,75,66,73,enrich,more practice,more practice
male,standard,high school,group C,70,56,51,more practice,tier 2 more support,tier 2 more support
male,standard,some high school,group D,89,88,82,enrich,enrich,enrich
female,standard,some college,group C,67,81,79,more practice,enrich,enrich
female,standard,high school,group D,78,81,80,enrich,enrich,enrich
female,free/reduced,some high school,group A,59,73,69,more practice,more practice,more practice
female,standard,associate's degree,group B,73,83,76,more practice,enrich,enrich
male,free/reduced,some high school,group A,79,82,73,enrich,enrich,more practice
female,standard,some high school,group C,67,74,77,more practice,more practice,enrich
male,free/reduced,some college,group D,69,66,60,more practice,more practice,more practice
male,standard,high school,group C,86,81,80,enrich,enrich,enrich
male,standard,high school,group B,47,46,42,tier 2 more support,tier 2 more support,tier 3 intensive
male,standard,associate's degree,group B,81,73,72,enrich,more practice,more practice
female,free/reduced,some college,group C,64,85,85,more practice,enrich,enrich
female,standard,some college,group E,100,92,97,enrich,enrich,enrich
female,free/reduced,associate's degree,group C,65,77,74,more practice,enrich,more practice
male,free/reduced,some college,group C,65,58,49,more practice,more practice,tier 2 more support
female,free/reduced,associate's degree,group C,53,61,62,tier 2 more support,more practice,more practice
male,free/reduced,bachelor's degree,group C,37,56,47,tier 3 intensive,tier 2 more support,tier 2 more support
female,standard,bachelor's degree,group D,79,89,89,enrich,enrich,enrich
male,free/reduced,associate's degree,group D,53,54,48,tier 2 more support,tier 2 more support,tier 2 more support
female,standard,bachelor's degree,group E,100,100,100,enrich,enrich,enrich
male,standard,high school,group B,72,65,68,more practice,more practice,more practice
male,free/reduced,bachelor's degree,group C,53,58,55,tier 2 more support,more practice,more practice
male,free/reduced,some college,group B,54,54,45,more practice,tier 2 more support,tier 2 more support
female,standard,some college,group E,71,70,76,more practice,more practice,enrich
female,free/reduced,some college,group C,77,90,91,enrich,enrich,enrich
male,standard,bachelor's degree,group A,75,58,62,enrich,more practice,more practice
female,standard,some college,group C,84,87,91,enrich,enrich,enrich
female,free/reduced,associate's degree,group D,26,31,38,tier 3 intensive,tier 3 intensive,tier 3 intensive
male,free/reduced,high school,group A,72,67,65,more practice,more practice,more practice
female,free/reduced,high school,group A,77,88,85,enrich,enrich,enrich
male,standard,some college,group C,91,74,76,enrich,more practice,enrich
female,standard,associate's degree,group C,83,85,90,enrich,enrich,enrich
female,standard,high school,group C,63,69,74,more practice,more practice,more practice
female,standard,associate's degree,group C,68,86,84,more practice,enrich,enrich
female,standard,some high school,group D,59,67,61,more practice,more practice,more practice
female,standard,associate's degree,group B,90,90,91,enrich,enrich,enrich
female,standard,bachelor's degree,group D,71,76,83,more practice,enrich,enrich
male,standard,bachelor's degree,group E,76,62,66,enrich,more practice,more practice
male,standard,associate's degree,group D,80,68,72,enrich,more practice,more practice
female,standard,master's degree,group D,55,64,70,more practice,more practice,more practice
male,standard,associate's degree,group E,76,71,67,enrich,more practice,more practice
male,standard,high school,group B,73,71,68,more practice,more practice,more practice
female,free/reduced,associate's degree,group D,52,59,56,tier 2 more support,more practice,more practice
male,free/reduced,some college,group C,68,68,61,more practice,more practice,more practice
male,standard,high school,group A,59,52,46,more practice,tier 2 more support,tier 2 more support
female,standard,associate's degree,group B,49,52,54,tier 2 more support,tier 2 more support,more practice
male,standard,high school,group C,70,74,71,more practice,more practice,more practice
male,free/reduced,some college,group D,61,47,56,more practice,tier 2 more support,more practice
female,free/reduced,associate's degree,group C,60,75,74,more practice,enrich,more practice
male,standard,some high school,group B,64,53,57,more practice,tier 2 more support,more practice
male,free/reduced,associate's degree,group A,79,82,82,enrich,enrich,enrich
female,free/reduced,associate's degree,group A,65,85,76,more practice,enrich,enrich
female,standard,associate's degree,group C,64,64,70,more practice,more practice,more practice
female,standard,some college,group C,83,83,90,enrich,enrich,enrich
female,standard,bachelor's degree,group C,81,88,90,enrich,enrich,enrich
female,standard,high school,group B,54,64,68,more practice,more practice,more practice
male,standard,high school,group D,68,64,66,more practice,more practice,more practice
female,standard,some college,group C,54,48,52,more practice,tier 2 more support,tier 2 more support
female,free/reduced,some college,group D,59,78,76,more practice,enrich,enrich
female,standard,some high school,group B,66,69,68,more practice,more practice,more practice
male,standard,some college,group E,76,71,72,enrich,more practice,more practice
female,standard,master's degree,group D,74,79,82,more practice,enrich,enrich
female,standard,associate's degree,group B,94,87,92,enrich,enrich,enrich
male,free/reduced,some college,group C,63,61,54,more practice,more practice,tier 2 more support
female,standard,associate's degree,group E,95,89,92,enrich,enrich,enrich
female,free/reduced,master's degree,group D,40,59,54,tier 3 intensive,more practice,tier 2 more support
female,standard,some high school,group B,82,82,80,enrich,enrich,enrich
male,standard,high school,group A,68,70,66,more practice,more practice,more practice
male,free/reduced,bachelor's degree,group B,55,59,54,more practice,more practice,tier 2 more support
male,standard,master's degree,group C,79,78,77,enrich,enrich,enrich
female,standard,bachelor's degree,group C,86,92,87,enrich,enrich,enrich
male,standard,some college,group D,76,71,73,enrich,more practice,more practice
male,standard,some high school,group A,64,50,43,more practice,tier 2 more support,tier 2 more support
male,free/reduced,some high school,group D,62,49,52,more practice,tier 2 more support,tier 2 more support
female,standard,some high school,group B,54,61,62,more practice,more practice,more practice
female,free/reduced,master's degree,group B,77,97,94,enrich,enrich,enrich
female,standard,some high school,group C,76,87,85,enrich,enrich,enrich
female,standard,some college,group D,74,89,84,more practice,enrich,enrich
female,standard,some college,group E,66,74,73,more practice,more practice,more practice
female,standard,some high school,group D,66,78,78,more practice,enrich,enrich
female,free/reduced,high school,group B,67,78,79,more practice,enrich,enrich
male,standard,some college,group D,71,49,52,more practice,tier 2 more support,tier 2 more support
female,standard,associate's degree,group C,91,86,84,enrich,enrich,enrich
male,standard,bachelor's degree,group D,69,58,57,more practice,more practice,more practice
male,free/reduced,master's degree,group C,54,59,50,more practice,more practice,tier 2 more support
male,standard,high school,group C,53,52,49,tier 2 more support,tier 2 more support,tier 2 more support
male,standard,some college,group E,68,60,59,more practice,more practice,more practice
male,free/reduced,some high school,group C,56,61,60,more practice,more practice,more practice
female,free/reduced,high school,group C,36,53,43,tier 3 intensive,tier 2 more support,tier 2 more support
female,free/reduced,bachelor's degree,group D,29,41,47,tier 3 intensive,tier 3 intensive,tier 2 more support
female,standard,associate's degree,group C,62,74,70,more practice,more practice,more practice
female,standard,associate's degree,group C,68,67,73,more practice,more practice,more practice
female,standard,some high school,group C,47,54,53,tier 2 more support,tier 2 more support,tier 2 more support
male,standard,associate's degree,group E,62,61,58,more practice,more practice,more practice
female,standard,associate's degree,group E,79,88,94,enrich,enrich,enrich
male,standard,high school,group B,73,69,68,more practice,more practice,more practice
female,free/reduced,bachelor's degree,group C,66,83,83,more practice,enrich,enrich
male,standard,associate's degree,group C,51,60,58,tier 2 more support,more practice,more practice
female,standard,high school,group D,51,66,62,tier 2 more support,more practice,more practice
male,standard,bachelor's degree,group E,85,66,71,enrich,more practice,more practice
male,standard,associate's degree,group A,97,92,86,enrich,enrich,enrich
male,standard,high school,group C,75,69,68,enrich,more practice,more practice
male,free/reduced,associate's degree,group D,79,82,80,enrich,enrich,enrich
female,standard,associate's degree,group C,81,77,79,enrich,enrich,enrich
female,standard,associate's degree,group D,82,95,89,enrich,enrich,enrich
female,standard,master's degree,group D,64,63,66,more practice,more practice,more practice
male,free/reduced,some high school,group E,78,83,80,enrich,enrich,enrich
female,standard,some high school,group A,92,100,97,enrich,enrich,enrich
male,standard,high school,group C,72,67,64,more practice,more practice,more practice
female,free/reduced,high school,group C,62,67,64,more practice,more practice,more practice
male,standard,master's degree,group C,79,72,69,enrich,more practice,more practice
male,free/reduced,some high school,group C,79,76,65,enrich,enrich,more practice
male,free/reduced,bachelor's degree,group B,87,90,88,enrich,enrich,enrich
female,standard,associate's degree,group B,40,48,50,tier 3 intensive,tier 2 more support,tier 2 more support
male,free/reduced,some college,group D,77,62,64,enrich,more practice,more practice
male,standard,associate's degree,group E,53,45,40,tier 2 more support,tier 2 more support,tier 3 intensive
female,free/reduced,some college,group C,32,39,33,tier 3 intensive,tier 3 intensive,tier 3 intensive
female,standard,associate's degree,group C,55,72,79,more practice,more practice,enrich
male,free/reduced,master's degree,group C,61,67,66,more practice,more practice,more practice
female,free/reduced,associate's degree,group B,53,70,70,tier 2 more support,more practice,more practice
male,standard,some high school,group D,73,66,62,more practice,more practice,more practice
female,standard,some college,group D,74,75,79,more practice,enrich,enrich
female,standard,some college,group C,63,74,74,more practice,more practice,more practice
male,standard,bachelor's degree,group C,96,90,92,enrich,enrich,enrich
female,free/reduced,some college,group D,63,80,80,more practice,enrich,enrich
male,free/reduced,bachelor's degree,group B,48,51,46,tier 2 more support,tier 2 more support,tier 2 more support
male,standard,associate's degree,group B,48,43,45,tier 2 more support,tier 3 intensive,tier 2 more support
female,free/reduced,bachelor's degree,group E,92,100,100,enrich,enrich,enrich
female,free/reduced,master's degree,group D,61,71,78,more practice,more practice,enrich
male,free/reduced,high school,group B,63,48,47,more practice,tier 2 more support,tier 2 more support
male,free/reduced,bachelor's degree,group D,68,68,67,more practice,more practice,more practice
male,standard,some college,group B,71,75,70,more practice,enrich,more practice
male,standard,bachelor's degree,group A,91,96,92,enrich,enrich,enrich
female,standard,some college,group C,53,62,56,tier 2 more support,more practice,more practice
female,free/reduced,high school,group C,50,66,64,tier 2 more support,more practice,more practice
female,standard,high school,group E,74,81,71,more practice,enrich,more practice
male,free/reduced,associate's degree,group A,40,55,53,tier 3 intensive,tier 2 more support,tier 2 more support
male,standard,some college,group A,61,51,52,more practice,tier 2 more support,tier 2 more support
female,standard,high school,group B,81,91,89,enrich,enrich,enrich
female,free/reduced,some college,group B,48,56,58,tier 2 more support,tier 2 more support,more practice
female,standard,master's degree,group D,53,61,68,more practice,more practice,more practice
female,standard,some high school,group D,81,97,96,enrich,enrich,enrich
female,standard,some high school,group E,77,79,80,enrich,enrich,enrich
female,free/reduced,bachelor's degree,group D,63,73,78,more practice,more practice,enrich
female,standard,associate's degree,group D,73,75,80,more practice,enrich,enrich
female,standard,some college,group D,69,77,77,more practice,enrich,enrich
female,standard,associate's degree,group C,65,76,76,more practice,enrich,enrich
female,standard,high school,group A,55,73,73,more practice,more practice,more practice
female,free/reduced,bachelor's degree,group C,44,63,62,tier 2 more support,more practice,more practice
female,standard,some college,group C,54,64,65,more practice,more practice,more practice
female,standard,some high school,group A,48,66,65,tier 2 more support,more practice,more practice
male,free/reduced,some college,group C,58,57,54,more practice,more practice,tier 2 more support
male,standard,some high school,group A,71,62,50,more practice,more practice,tier 2 more support
male,standard,bachelor's degree,group E,68,68,64,more practice,more practice,more practice
female,standard,high school,group E,74,76,73,more practice,enrich,more practice
female,standard,bachelor's degree,group C,92,100,99,enrich,enrich,enrich
female,standard,bachelor's degree,group C,56,79,72,more practice,enrich,more practice
male,free/reduced,high school,group B,30,24,15,tier 3 intensive,tier 3 intensive,tier 3 intensive
male,standard,some high school,group A,53,54,48,tier 2 more support,tier 2 more support,tier 2 more support
female,standard,high school,group D,69,77,73,more practice,enrich,more practice
female,standard,some high school,group D,65,82,81,more practice,enrich,enrich
female,standard,master's degree,group D,54,60,63,more practice,more practice,more practice
female,standard,high school,group C,29,29,30,tier 3 intensive,tier 3 intensive,tier 3 intensive
female,standard,some college,group E,76,78,80,enrich,enrich,enrich
male,free/reduced,high school,group D,60,57,51,more practice,more practice,tier 2 more support
male,free/reduced,master's degree,group D,84,89,90,enrich,enrich,enrich
male,standard,some high school,group C,75,72,62,enrich,more practice,more practice
female,standard,associate's degree,group C,85,84,82,enrich,enrich,enrich
female,free/reduced,master's degree,group C,40,58,54,tier 3 intensive,more practice,tier 2 more support
female,standard,some college,group E,61,64,62,more practice,more practice,more practice
female,standard,associate's degree,group B,58,63,65,more practice,more practice,more practice
male,free/reduced,some college,group D,69,60,63,more practice,more practice,more practice
female,standard,some college,group C,58,59,66,more practice,more practice,more practice
male,standard,bachelor's degree,group C,94,90,91,enrich,enrich,enrich
female,standard,associate's degree,group C,65,77,74,more practice,enrich,more practice
female,standard,associate's degree,group A,82,93,93,enrich,enrich,enrich
female,standard,high school,group C,60,68,72,more practice,more practice,more practice
female,standard,bachelor's degree,group E,37,45,38,tier 3 intensive,tier 2 more support,tier 3 intensive
male,standard,bachelor's degree,group D,88,78,83,enrich,enrich,enrich
male,standard,master's degree,group D,95,81,84,enrich,enrich,enrich
male,free/reduced,associate's degree,group C,65,73,68,more practice,more practice,more practice
female,free/reduced,high school,group C,35,61,54,tier 3 intensive,more practice,tier 2 more support
male,free/reduced,bachelor's degree,group B,62,63,56,more practice,more practice,more practice
male,free/reduced,high school,group C,58,51,52,more practice,tier 2 more support,tier 2 more support
male,standard,some college,group A,100,96,86,enrich,enrich,enrich
female,free/reduced,bachelor's degree,group E,61,58,62,more practice,more practice,more practice
male,standard,some college,group D,100,97,99,enrich,enrich,enrich
male,free/reduced,associate's degree,group B,69,70,63,more practice,more practice,more practice
male,standard,associate's degree,group D,61,48,46,more practice,tier 2 more support,tier 2 more support
male,free/reduced,some college,group D,49,57,46,tier 2 more support,tier 2 more support,tier 2 more support
female,standard,some high school,group C,44,51,55,tier 2 more support,tier 2 more support,more practice
male,standard,some college,group D,67,64,70,more practice,more practice,more practice
male,standard,high school,group B,79,60,65,enrich,more practice,more practice
female,standard,bachelor's degree,group B,66,74,81,more practice,more practice,enrich
female,standard,high school,group C,75,88,85,enrich,enrich,enrich
male,standard,some high school,group D,84,84,80,enrich,enrich,enrich
male,standard,high school,group A,71,74,64,more practice,more practice,more practice
female,free/reduced,high school,group B,67,80,81,more practice,enrich,enrich
female,standard,some high school,group D,80,92,88,enrich,enrich,enrich
male,standard,some college,group E,86,76,74,enrich,enrich,more practice
female,standard,associate's degree,group D,76,74,73,enrich,more practice,more practice
male,standard,high school,group D,41,52,51,tier 2 more support,tier 2 more support,tier 2 more support
female,free/reduced,associate's degree,group D,74,88,90,more practice,enrich,enrich
female,free/reduced,some high school,group B,72,81,79,more practice,enrich,enrich
female,standard,high school,group E,74,79,80,more practice,enrich,enrich
male,standard,high school,group B,70,65,60,more practice,more practice,more practice
female,standard,bachelor's degree,group B,65,81,81,more practice,enrich,enrich
female,standard,associate's degree,group D,59,70,65,more practice,more practice,more practice
female,free/reduced,high school,group E,64,62,68,more practice,more practice,more practice
female,standard,high school,group B,50,53,55,tier 2 more support,tier 2 more support,more practice
female,standard,some college,group D,69,79,81,more practice,enrich,enrich
male,free/reduced,some high school,group C,51,56,53,tier 2 more support,tier 2 more support,tier 2 more support
female,standard,high school,group A,68,80,76,more practice,enrich,enrich
female,standard,some college,group D,85,86,98,enrich,enrich,enrich
female,standard,associate's degree,group A,65,70,74,more practice,more practice,more practice
female,standard,some high school,group B,73,79,79,more practice,enrich,enrich
female,standard,some college,group B,62,67,67,more practice,more practice,more practice
male,free/reduced,associate's degree,group C,77,67,64,enrich,more practice,more practice
male,standard,some high school,group D,69,66,61,more practice,more practice,more practice
female,free/reduced,associate's degree,group D,43,60,58,tier 2 more support,more practice,more practice
male,standard,associate's degree,group D,90,87,85,enrich,enrich,enrich
male,free/reduced,some college,group C,74,77,73,more practice,enrich,more practice
male,standard,some high school,group C,73,66,63,more practice,more practice,more practice
female,free/reduced,some college,group D,55,71,69,more practice,more practice,more practice
female,standard,high school,group C,65,69,67,more practice,more practice,more practice
male,standard,associate's degree,group D,80,63,63,enrich,more practice,more practice
female,free/reduced,some high school,group C,50,60,60,tier 2 more support,more practice,more practice
female,free/reduced,some college,group C,63,73,71,more practice,more practice,more practice
female,free/reduced,bachelor's degree,group B,77,85,87,enrich,enrich,enrich
male,standard,some college,group C,73,74,61,more practice,more practice,more practice
male,standard,associate's degree,group D,81,72,77,enrich,more practice,enrich
female,free/reduced,high school,group C,66,76,68,more practice,enrich,more practice
male,free/reduced,associate's degree,group D,52,57,50,tier 2 more support,tier 2 more support,tier 2 more support
female,standard,some college,group C,69,78,76,more practice,enrich,enrich
female,standard,associate's degree,group C,65,84,84,more practice,enrich,enrich
female,standard,high school,group D,69,77,78,more practice,enrich,enrich
female,standard,some college,group B,50,64,66,tier 2 more support,more practice,more practice
female,standard,some college,group E,73,78,76,more practice,enrich,enrich
female,standard,some high school,group C,70,82,76,more practice,enrich,enrich
male,free/reduced,associate's degree,group D,81,75,78,enrich,enrich,enrich
male,free/reduced,some college,group D,63,61,60,more practice,more practice,more practice
female,standard,high school,group D,67,72,74,more practice,more practice,more practice
male,standard,high school,group B,60,68,60,more practice,more practice,more practice
male,standard,high school,group B,62,55,54,more practice,tier 2 more support,tier 2 more support
female,free/reduced,some high school,group C,29,40,44,tier 3 intensive,tier 3 intensive,tier 2 more support
male,standard,some college,group B,62,66,68,more practice,more practice,more practice
female,standard,master's degree,group E,94,99,100,enrich,enrich,enrich
male,standard,some college,group E,85,75,68,enrich,enrich,more practice
male,free/reduced,associate's degree,group D,77,78,73,enrich,enrich,more practice
male,free/reduced,high school,group A,53,58,44,tier 2 more support,more practice,tier 2 more support
male,free/reduced,some college,group E,93,90,83,enrich,enrich,enrich
female,standard,associate's degree,group C,49,53,53,tier 2 more support,tier 2 more support,tier 2 more support
female,free/reduced,associate's degree,group E,73,76,78,more practice,enrich,enrich
female,free/reduced,bachelor's degree,group C,66,74,81,more practice,more practice,enrich
female,standard,associate's degree,group D,77,77,73,enrich,enrich,more practice
female,standard,some high school,group C,49,63,56,tier 2 more support,more practice,more practice
female,free/reduced,some college,group D,79,89,86,enrich,enrich,enrich
female,standard,associate's degree,group C,75,82,90,enrich,enrich,enrich
female,standard,bachelor's degree,group A,59,72,70,more practice,more practice,more practice
female,standard,associate's degree,group D,57,78,79,more practice,enrich,enrich
male,free/reduced,high school,group C,66,66,59,more practice,more practice,more practice
female,standard,bachelor's degree,group E,79,81,82,enrich,enrich,enrich
female,standard,some high school,group B,57,67,72,more practice,more practice,more practice
male,standard,bachelor's degree,group A,87,84,87,enrich,enrich,enrich
female,standard,some college,group D,63,64,67,more practice,more practice,more practice
female,free/reduced,some high school,group B,59,63,64,more practice,more practice,more practice
male,free/reduced,bachelor's degree,group A,62,72,65,more practice,more practice,more practice
male,standard,high school,group D,46,34,36,tier 2 more support,tier 3 intensive,tier 3 intensive
male,standard,some college,group C,66,59,52,more practice,more practice,tier 2 more support
male,standard,high school,group D,89,87,79,enrich,enrich,enrich
female,free/reduced,associate's degree,group D,42,61,58,tier 2 more support,more practice,more practice
male,standard,some college,group C,93,84,90,enrich,enrich,enrich
female,standard,some high school,group E,80,85,85,enrich,enrich,enrich
female,standard,some college,group D,98,100,99,enrich,enrich,enrich
male,standard,master's degree,group D,81,81,84,enrich,enrich,enrich
female,standard,some high school,group B,60,70,74,more practice,more practice,more practice
female,free/reduced,associate's degree,group B,76,94,87,enrich,enrich,enrich
male,standard,associate's degree,group C,73,78,72,more practice,enrich,more practice
female,standard,associate's degree,group C,96,96,99,enrich,enrich,enrich
female,standard,high school,group C,76,76,74,enrich,enrich,more practice
male,free/reduced,associate's degree,group E,91,73,80,enrich,more practice,enrich
female,free/reduced,some college,group C,62,72,70,more practice,more practice,more practice
male,free/reduced,some high school,group D,55,59,59,more practice,more practice,more practice
female,free/reduced,some high school,group B,74,90,88,more practice,enrich,enrich
male,standard,high school,group C,50,48,42,tier 2 more support,tier 2 more support,tier 3 intensive
male,standard,some college,group B,47,43,41,tier 2 more support,tier 3 intensive,tier 3 intensive
male,standard,some college,group E,81,74,71,enrich,more practice,more practice
female,standard,associate's degree,group E,65,75,77,more practice,enrich,enrich
male,standard,some high school,group E,68,51,57,more practice,tier 2 more support,more practice
female,free/reduced,high school,group D,73,92,84,more practice,enrich,enrich
male,standard,some college,group C,53,39,37,tier 2 more support,tier 3 intensive,tier 3 intensive
female,free/reduced,associate's degree,group B,68,77,80,more practice,enrich,enrich
male,free/reduced,some high school,group A,55,46,43,more practice,tier 2 more support,tier 2 more support
female,standard,some college,group C,87,89,94,enrich,enrich,enrich
male,standard,some high school,group D,55,47,44,more practice,tier 2 more support,tier 2 more support
female,free/reduced,some college,group E,53,58,57,tier 2 more support,more practice,more practice
male,standard,master's degree,group C,67,57,59,more practice,more practice,more practice
male,standard,associate's degree,group C,92,79,84,enrich,enrich,enrich
female,free/reduced,some college,group B,53,66,73,tier 2 more support,more practice,more practice
male,standard,associate's degree,group D,81,71,73,enrich,more practice,more practice
male,free/reduced,high school,group C,61,60,55,more practice,more practice,more practice
male,standard,bachelor's degree,group D,80,73,72,enrich,more practice,more practice
female,free/reduced,associate's degree,group A,37,57,56,tier 3 intensive,tier 2 more support,more practice
female,standard,high school,group C,81,84,82,enrich,enrich,enrich
female,standard,associate's degree,group C,59,73,72,more practice,more practice,more practice
male,free/reduced,some college,group B,55,55,47,more practice,tier 2 more support,tier 2 more support
male,standard,associate's degree,group D,72,79,74,more practice,enrich,more practice
male,standard,high school,group D,69,75,71,more practice,enrich,more practice
male,standard,some college,group C,69,64,68,more practice,more practice,more practice
female,free/reduced,bachelor's degree,group C,50,60,59,tier 2 more support,more practice,more practice
male,standard,some college,group B,87,84,86,enrich,enrich,enrich
male,standard,some high school,group D,71,69,68,more practice,more practice,more practice
male,standard,some college,group E,68,72,65,more practice,more practice,more practice
male,free/reduced,master's degree,group C,79,77,75,enrich,enrich,enrich
female,standard,some high school,group C,77,90,85,enrich,enrich,enrich
male,free/reduced,associate's degree,group C,58,55,53,more practice,tier 2 more support,tier 2 more support
female,standard,associate's degree,group E,84,95,92,enrich,enrich,enrich
male,standard,some college,group D,55,58,52,more practice,more practice,tier 2 more support
male,free/reduced,bachelor's degree,group E,70,68,72,more practice,more practice,more practice
female,free/reduced,some college,group D,52,59,65,tier 2 more support,more practice,more practice
male,standard,some college,group B,69,77,77,more practice,enrich,enrich
female,free/reduced,high school,group C,53,72,64,tier 2 more support,more practice,more practice
female,standard,some high school,group D,48,58,54,tier 2 more support,more practice,tier 2 more support
male,standard,some high school,group D,78,81,86,enrich,enrich,enrich
female,standard,high school,group B,62,62,63,more practice,more practice,more practice
male,standard,some college,group D,60,63,59,more practice,more practice,more practice
female,standard,high school,group B,74,72,72,more practice,more practice,more practice
female,standard,high school,group C,58,75,77,more practice,enrich,enrich
male,standard,high school,group B,76,62,60,enrich,more practice,more practice
female,standard,some high school,group D,68,71,75,more practice,more practice,enrich
male,free/reduced,some college,group A,58,60,57,more practice,more practice,more practice
male,standard,high school,group B,52,48,49,tier 2 more support,tier 2 more support,tier 2 more support
male,standard,bachelor's degree,group D,75,73,74,enrich,more practice,more practice
female,free/reduced,some high school,group B,52,67,72,tier 2 more support,more practice,more practice
female,free/reduced,bachelor's degree,group C,62,78,79,more practice,enrich,enrich
male,standard,some college,group B,66,65,60,more practice,more practice,more practice
female,free/reduced,some high school,group B,49,58,55,tier 2 more support,more practice,more practice
female,standard,high school,group B,66,72,70,more practice,more practice,more practice
female,free/reduced,some college,group C,35,44,43,tier 3 intensive,tier 2 more support,tier 2 more support
female,standard,some college,group A,72,79,82,more practice,enrich,enrich
male,standard,associate's degree,group E,94,85,82,enrich,enrich,enrich
female,free/reduced,associate's degree,group D,46,56,57,tier 2 more support,tier 2 more support,more practice
female,standard,master's degree,group B,77,90,84,enrich,enrich,enrich
female,free/reduced,high school,group B,76,85,82,enrich,enrich,enrich
female,standard,associate's degree,group C,52,59,62,tier 2 more support,more practice,more practice
male,standard,bachelor's degree,group C,91,81,79,enrich,enrich,enrich
female,standard,some high school,group B,32,51,44,tier 3 intensive,tier 2 more support,tier 2 more support
female,free/reduced,some high school,group E,72,79,77,more practice,enrich,enrich
female,standard,some college,group B,19,38,32,tier 3 intensive,tier 3 intensive,tier 3 intensive
male,free/reduced,associate's degree,group C,68,65,61,more practice,more practice,more practice
female,free/reduced,master's degree,group C,52,65,61,tier 2 more support,more practice,more practice
female,standard,high school,group B,48,62,60,tier 2 more support,more practice,more practice
female,free/reduced,some college,group D,60,66,70,more practice,more practice,more practice
male,free/reduced,high school,group D,66,74,69,more practice,more practice,more practice
male,standard,some high school,group E,89,84,77,enrich,enrich,enrich
female,standard,high school,group B,42,52,51,tier 2 more support,tier 2 more support,tier 2 more support
female,free/reduced,associate's degree,group E,57,68,73,more practice,more practice,more practice
male,standard,high school,group D,70,70,70,more practice,more practice,more practice
female,free/reduced,associate's degree,group E,70,84,81,more practice,enrich,enrich
male,standard,some college,group E,69,60,54,more practice,more practice,more practice
female,standard,associate's degree,group C,52,55,57,tier 2 more support,tier 2 more support,more practice
male,standard,some high school,group C,67,73,68,more practice,more practice,more practice
male,standard,some high school,group C,76,80,73,enrich,enrich,more practice
female,standard,associate's degree,group E,87,94,95,enrich,enrich,enrich
female,standard,some college,group B,82,85,87,enrich,enrich,enrich
female,standard,some college,group C,73,76,78,more practice,enrich,enrich
male,free/reduced,some college,group A,75,81,74,enrich,enrich,more practice
female,free/reduced,some college,group D,64,74,75,more practice,more practice,enrich
female,free/reduced,high school,group E,41,45,40,tier 2 more support,tier 2 more support,tier 3 intensive
male,standard,high school,group C,90,75,69,enrich,enrich,more practice
male,standard,bachelor's degree,group B,59,54,51,more practice,tier 2 more support,tier 2 more support
male,standard,some high school,group A,51,31,36,tier 2 more support,tier 3 intensive,tier 3 intensive
male,free/reduced,high school,group A,45,47,49,tier 2 more support,tier 2 more support,tier 2 more support
female,standard,master's degree,group C,54,64,67,more practice,more practice,more practice
male,standard,some high school,group E,87,84,76,enrich,enrich,enrich
female,standard,high school,group C,72,80,83,more practice,enrich,enrich
male,standard,some high school,group B,94,86,87,enrich,enrich,enrich
female,standard,bachelor's degree,group A,45,59,64,tier 2 more support,more practice,more practice
male,free/reduced,bachelor's degree,group D,61,70,76,more practice,more practice,enrich
female,free/reduced,high school,group B,60,72,68,more practice,more practice,more practice
female,standard,some high school,group C,77,91,88,enrich,enrich,enrich
female,standard,some high school,group A,85,90,92,enrich,enrich,enrich
female,free/reduced,bachelor's degree,group D,78,90,93,enrich,enrich,enrich
male,free/reduced,some college,group E,49,52,51,tier 2 more support,tier 2 more support,tier 2 more support
female,free/reduced,high school,group B,71,87,82,more practice,enrich,enrich
female,free/reduced,some high school,group C,48,58,52,tier 2 more support,more practice,tier 2 more support
male,standard,high school,group C,62,67,58,more practice,more practice,more practice
female,free/reduced,associate's degree,group C,56,68,70,more practice,more practice,more practice
female,standard,some high school,group C,65,69,76,more practice,more practice,enrich
female,free/reduced,some high school,group D,69,86,81,more practice,enrich,enrich
male,standard,some high school,group B,68,54,53,more practice,tier 2 more support,tier 2 more support
female,free/reduced,some college,group A,61,60,57,more practice,more practice,more practice
female,free/reduced,bachelor's degree,group C,74,86,89,more practice,enrich,enrich
male,standard,bachelor's degree,group A,64,60,58,more practice,more practice,more practice
female,standard,high school,group B,77,82,89,enrich,enrich,enrich
male,standard,some college,group B,58,50,45,more practice,tier 2 more support,tier 2 more support
female,standard,high school,group C,60,64,74,more practice,more practice,more practice
male,standard,high school,group E,73,64,57,more practice,more practice,more practice
female,standard,high school,group A,75,82,79,enrich,enrich,enrich
male,free/reduced,associate's degree,group B,58,57,53,more practice,tier 2 more support,tier 2 more support
female,standard,associate's degree,group C,66,77,73,more practice,enrich,more practice
female,free/reduced,high school,group D,39,52,46,tier 3 intensive,tier 2 more support,tier 2 more support
male,standard,some high school,group C,64,58,51,more practice,more practice,tier 2 more support
female,free/reduced,high school,group B,23,44,36,tier 3 intensive,tier 3 intensive,tier 3 intensive
male,free/reduced,some college,group B,74,77,76,more practice,enrich,enrich
female,free/reduced,some high school,group D,40,65,64,tier 3 intensive,more practice,more practice
male,standard,master's degree,group E,90,85,84,enrich,enrich,enrich
male,standard,master's degree,group C,91,85,85,enrich,enrich,enrich
male,standard,high school,group D,64,54,50,more practice,tier 2 more support,tier 2 more support
female,standard,high school,group C,59,72,68,more practice,more practice,more practice
male,standard,associate's degree,group D,80,75,69,enrich,enrich,more practice
male,standard,master's degree,group C,71,67,67,more practice,more practice,more practice
female,standard,high school,group A,61,68,63,more practice,more practice,more practice
female,standard,some college,group E,87,85,93,enrich,enrich,enrich
male,standard,some high school,group E,82,67,61,enrich,more practice,more practice
male,standard,some high school,group C,62,64,55,more practice,more practice,more practice
female,standard,bachelor's degree,group B,97,97,96,enrich,enrich,enrich
male,free/reduced,some college,group B,75,68,65,enrich,more practice,more practice
female,standard,bachelor's degree,group C,65,79,81,more practice,enrich,enrich
male,standard,high school,group B,52,49,46,tier 2 more support,tier 2 more support,tier 2 more support
male,free/reduced,associate's degree,group C,87,73,72,enrich,more practice,more practice
female,standard,associate's degree,group C,53,62,53,more practice,more practice,tier 2 more support
female,free/reduced,master's degree,group E,81,86,87,enrich,enrich,enrich
male,free/reduced,bachelor's degree,group D,39,42,38,tier 3 intensive,tier 3 intensive,tier 3 intensive
female,standard,some college,group C,71,71,80,more practice,more practice,enrich
male,standard,associate's degree,group C,97,93,91,enrich,enrich,enrich
male,standard,some college,group D,82,82,88,enrich,enrich,enrich
male,free/reduced,high school,group C,59,53,52,more practice,tier 2 more support,tier 2 more support
male,standard,associate's degree,group B,61,42,41,more practice,tier 3 intensive,tier 3 intensive
male,free/reduced,associate's degree,group E,78,74,72,enrich,more practice,more practice
male,free/reduced,associate's degree,group C,49,51,51,tier 2 more support,tier 2 more support,tier 2 more support
male,standard,high school,group B,59,58,47,more practice,more practice,tier 2 more support
female,standard,some college,group C,70,72,76,more practice,more practice,enrich
male,standard,associate's degree,group B,82,84,78,enrich,enrich,enrich
male,free/reduced,associate's degree,group E,90,90,82,enrich,enrich,enrich
female,free/reduced,bachelor's degree,group C,43,62,61,tier 2 more support,more practice,more practice
male,free/reduced,some college,group C,80,64,66,enrich,more practice,more practice
male,standard,some college,group D,81,82,84,enrich,enrich,enrich
male,standard,some high school,group C,57,61,54,more practice,more practice,tier 2 more support
female,standard,some high school,group D,59,72,80,more practice,more practice,enrich
female,standard,associate's degree,group D,64,76,74,more practice,enrich,more practice
male,standard,bachelor's degree,group C,63,64,66,more practice,more practice,more practice
female,standard,bachelor's degree,group E,71,70,70,more practice,more practice,more practice
female,free/reduced,high school,group B,64,73,71,more practice,more practice,more practice
male,free/reduced,bachelor's degree,group D,55,46,44,more practice,tier 2 more support,tier 2 more support
female,standard,associate's degree,group E,51,51,54,tier 2 more support,tier 2 more support,more practice
female,standard,associate's degree,group C,62,76,80,more practice,enrich,enrich
female,standard,associate's degree,group E,93,100,95,enrich,enrich,enrich
male,free/reduced,high school,group C,54,72,59,more practice,more practice,more practice
female,free/reduced,some college,group D,69,65,74,more practice,more practice,more practice
male,free/reduced,high school,group D,44,51,48,tier 2 more support,tier 2 more support,tier 2 more support
female,standard,some college,group E,86,85,91,enrich,enrich,enrich
female,standard,associate's degree,group E,85,92,85,enrich,enrich,enrich
female,free/reduced,master's degree,group A,50,67,73,tier 2 more support,more practice,more practice
male,standard,some high school,group D,88,74,75,enrich,more practice,enrich
female,standard,associate's degree,group E,59,62,69,more practice,more practice,more practice
female,free/reduced,some high school,group E,32,34,38,tier 3 intensive,tier 3 intensive,tier 3 intensive
male,free/reduced,high school,group B,36,29,27,tier 3 intensive,tier 3 intensive,tier 3 intensive
female,free/reduced,some high school,group B,63,78,79,more practice,enrich,enrich
male,standard,associate's degree,group D,67,54,63,more practice,tier 2 more support,more practice
female,standard,some high school,group D,65,78,82,more practice,enrich,enrich
male,standard,master's degree,group D,85,84,89,enrich,enrich,enrich
female,standard,master's degree,group C,73,78,74,more practice,enrich,more practice
female,free/reduced,high school,group A,34,48,41,tier 3 intensive,tier 2 more support,tier 3 intensive
female,free/reduced,bachelor's degree,group D,93,100,100,enrich,enrich,enrich
female,free/reduced,some high school,group D,67,84,84,more practice,enrich,enrich
male,standard,some college,group D,88,77,77,enrich,enrich,enrich
male,standard,high school,group B,57,48,51,more practice,tier 2 more support,tier 2 more support
female,standard,some college,group D,79,84,91,enrich,enrich,enrich
female,free/reduced,bachelor's degree,group C,67,75,72,more practice,enrich,more practice
male,standard,bachelor's degree,group E,70,64,70,more practice,more practice,more practice
male,free/reduced,bachelor's degree,group D,50,42,48,tier 2 more support,tier 3 intensive,tier 2 more support
female,standard,some college,group A,69,84,82,more practice,enrich,enrich
female,standard,bachelor's degree,group C,52,61,66,tier 2 more support,more practice,more practice
female,free/reduced,bachelor's degree,group C,47,62,66,tier 2 more support,more practice,more practice
female,free/reduced,associate's degree,group B,46,61,55,tier 2 more support,more practice,more practice
female,standard,some college,group E,68,70,66,more practice,more practice,more practice
male,standard,bachelor's degree,group E,100,100,100,enrich,enrich,enrich
female,standard,high school,group C,44,61,52,tier 2 more support,more practice,tier 2 more support
female,standard,associate's degree,group C,57,77,80,more practice,enrich,enrich
male,standard,some college,group B,91,96,91,enrich,enrich,enrich
male,free/reduced,high school,group D,69,70,67,more practice,more practice,more practice
female,free/reduced,high school,group C,35,53,46,tier 3 intensive,tier 2 more support,tier 2 more support
male,standard,high school,group D,72,66,66,more practice,more practice,more practice
female,free/reduced,associate's degree,group B,54,65,65,more practice,more practice,more practice
male,free/reduced,high school,group D,74,70,69,more practice,more practice,more practice
male,standard,some high school,group E,74,64,60,more practice,more practice,more practice
male,free/reduced,associate's degree,group E,64,56,52,more practice,tier 2 more support,tier 2 more support
female,free/reduced,high school,group D,65,61,71,more practice,more practice,more practice
male,free/reduced,associate's degree,group E,46,43,44,tier 2 more support,tier 3 intensive,tier 2 more support
female,free/reduced,some high school,group C,48,56,51,tier 2 more support,tier 2 more support,tier 2 more support
male,free/reduced,some college,group C,67,74,70,more practice,more practice,more practice
male,free/reduced,some college,group D,62,57,62,more practice,more practice,more practice
male,free/reduced,associate's degree,group D,61,71,73,more practice,more practice,more practice
male,free/reduced,bachelor's degree,group C,70,75,74,more practice,enrich,more practice
male,standard,associate's degree,group C,98,87,90,enrich,enrich,enrich
male,free/reduced,some college,group D,70,63,58,more practice,more practice,more practice
male,standard,associate's degree,group A,67,57,53,more practice,more practice,tier 2 more support
female,free/reduced,high school,group E,57,58,57,more practice,more practice,more practice
male,standard,some college,group D,85,81,85,enrich,enrich,enrich
male,standard,some high school,group D,77,68,69,enrich,more practice,more practice
male,free/reduced,master's degree,group C,72,66,72,more practice,more practice,more practice
female,standard,master's degree,group D,78,91,96,enrich,enrich,enrich
male,standard,high school,group C,81,66,64,enrich,more practice,more practice
male,free/reduced,some high school,group A,61,62,61,more practice,more practice,more practice
female,standard,high school,group B,58,68,61,more practice,more practice,more practice
female,standard,associate's degree,group C,54,61,58,more practice,more practice,more practice
male,standard,high school,group B,82,82,80,enrich,enrich,enrich
female,free/reduced,some college,group D,49,58,60,tier 2 more support,more practice,more practice
male,free/reduced,some high school,group B,49,50,52,tier 2 more support,tier 2 more support,tier 2 more support
female,free/reduced,high school,group E,57,75,73,more practice,enrich,more practice
male,standard,high school,group E,94,73,71,enrich,more practice,more practice
female,standard,some college,group D,75,77,83,enrich,enrich,enrich
female,free/reduced,some high school,group E,74,74,72,more practice,more practice,more practice
male,standard,high school,group C,58,52,54,more practice,tier 2 more support,tier 2 more support
female,standard,some college,group C,62,69,69,more practice,more practice,more practice
male,standard,associate's degree,group E,72,57,62,more practice,more practice,more practice
male,standard,some college,group C,84,87,81,enrich,enrich,enrich
female,standard,master's degree,group D,92,100,100,enrich,enrich,enrich
female,standard,high school,group D,45,63,59,tier 2 more support,more practice,more practice
male,standard,high school,group C,75,81,71,enrich,enrich,more practice
female,standard,some college,group A,56,58,64,more practice,more practice,more practice
female,free/reduced,some high school,group D,48,54,53,tier 2 more support,tier 2 more support,tier 2 more support
female,standard,associate's degree,group E,100,100,100,enrich,enrich,enrich
female,free/reduced,some high school,group C,65,76,75,more practice,enrich,enrich
male,standard,some college,group D,72,57,58,more practice,more practice,more practice
female,standard,some college,group D,62,70,72,more practice,more practice,more practice
male,standard,some high school,group A,66,68,64,more practice,more practice,more practice
male,standard,some college,group C,63,63,60,more practice,more practice,more practice
female,standard,associate's degree,group E,68,76,67,more practice,enrich,more practice
female,standard,bachelor's degree,group B,75,84,80,enrich,enrich,enrich
female,standard,bachelor's degree,group D,89,100,100,enrich,enrich,enrich
male,standard,some high school,group C,78,72,69,enrich,more practice,more practice
female,free/reduced,high school,group A,53,50,60,tier 2 more support,tier 2 more support,more practice
female,free/reduced,some college,group D,49,65,61,tier 2 more support,more practice,more practice
female,standard,some college,group A,54,63,67,more practice,more practice,more practice
female,standard,some college,group C,64,82,77,more practice,enrich,enrich
male,free/reduced,some college,group B,60,62,60,more practice,more practice,more practice
male,standard,associate's degree,group C,62,65,58,more practice,more practice,more practice
male,standard,high school,group D,55,41,48,more practice,tier 3 intensive,tier 2 more support
female,standard,associate's degree,group C,91,95,94,enrich,enrich,enrich
female,free/reduced,high school,group B,8,24,23,tier 3 intensive,tier 3 intensive,tier 3 intensive
male,standard,some high school,group D,81,78,78,enrich,enrich,enrich
male,standard,some high school,group B,79,85,86,enrich,enrich,enrich
female,standard,some college,group A,78,87,91,enrich,enrich,enrich
female,standard,some high school,group C,74,75,82,more practice,enrich,enrich
male,standard,high school,group A,57,51,54,more practice,tier 2 more support,tier 2 more support
female,standard,associate's degree,group C,40,59,51,tier 3 intensive,more practice,tier 2 more support
male,standard,some high school,group E,81,75,76,enrich,enrich,enrich
female,free/reduced,some high school,group A,44,45,45,tier 2 more support,tier 2 more support,tier 2 more support
female,free/reduced,some college,group D,67,86,83,more practice,enrich,enrich
male,free/reduced,high school,group E,86,81,75,enrich,enrich,enrich
female,standard,some high school,group B,65,82,78,more practice,enrich,enrich
female,free/reduced,associate's degree,group D,55,76,76,more practice,enrich,enrich
female,free/reduced,bachelor's degree,group D,62,72,74,more practice,more practice,more practice
male,standard,high school,group A,63,63,62,more practice,more practice,more practice
female,standard,master's degree,group E,88,99,95,enrich,enrich,enrich
male,free/reduced,high school,group C,62,55,55,more practice,tier 2 more support,more practice
female,free/reduced,high school,group C,59,71,65,more practice,more practice,more practice
female,standard,some college,group D,68,78,77,more practice,enrich,enrich
female,free/reduced,some college,group D,77,86,86,enrich,enrich,enrich